-- One admin user, named admin1 with passwor 4dm1n and authority admin
INSERT INTO users(username,password,enabled) VALUES ('admin1','4dm1n',TRUE);
INSERT INTO authorities(id,username,authority) VALUES (1,'admin1','admin');


-- One owner user, named owner1 with passwor 0wn3r
INSERT INTO users(username,password,enabled) VALUES ('owner1','0wn3r',TRUE);
INSERT INTO authorities(id,username,authority) VALUES (2,'owner1','owner');

INSERT INTO users(username,password,enabled) VALUES ('owner2','0wn3r',TRUE);
INSERT INTO authorities(id,username,authority) VALUES (3,'owner2','owner');

INSERT INTO users(username,password,enabled) VALUES ('owner3','0wn3r',TRUE);
INSERT INTO authorities(id,username,authority) VALUES (4,'owner3','owner');

INSERT INTO users(username,password,enabled) VALUES ('owner4','0wn3r',TRUE);
INSERT INTO authorities(id,username,authority) VALUES (5,'owner4','owner');

INSERT INTO users(username,password,enabled) VALUES ('owner5','0wn3r',TRUE);
INSERT INTO authorities(id,username,authority) VALUES (6,'owner5','owner');

INSERT INTO users(username,password,enabled) VALUES ('owner6','0wn3r',TRUE);
INSERT INTO authorities(id,username,authority) VALUES (7,'owner6','owner');

INSERT INTO users(username,password,enabled) VALUES ('owner7','0wn3r',TRUE);
INSERT INTO authorities(id,username,authority) VALUES (8,'owner7','owner');

INSERT INTO users(username,password,enabled) VALUES ('owner8','0wn3r',TRUE);
INSERT INTO authorities(id,username,authority) VALUES (9,'owner8','owner');

INSERT INTO users(username,password,enabled) VALUES ('owner9','0wn3r',TRUE);
INSERT INTO authorities(id,username,authority) VALUES (10,'owner9','owner');

INSERT INTO users(username,password,enabled) VALUES ('owner10','0wn3r',TRUE);
INSERT INTO authorities(id,username,authority) VALUES (11,'owner10','owner');




-- One vet user, named vet1 with passwor v3t
INSERT INTO users(username,password,enabled) VALUES ('vet1','v3t',TRUE);
INSERT INTO authorities(id,username,authority) VALUES (12,'vet1','veterinarian');

INSERT INTO vets VALUES (1, 'James', 'Carter');
INSERT INTO vets VALUES (2, 'Helen', 'Leary');
INSERT INTO vets VALUES (3, 'Linda', 'Douglas');
INSERT INTO vets VALUES (4, 'Rafael', 'Ortega');
INSERT INTO vets VALUES (5, 'Henry', 'Stevens');
INSERT INTO vets VALUES (6, 'Sharon', 'Jenkins');

INSERT INTO specialties VALUES (1, 'radiologia');
INSERT INTO specialties VALUES (2, 'cirugia');
INSERT INTO specialties VALUES (3, 'odontologia');

INSERT INTO vet_specialties VALUES (2, 1);
INSERT INTO vet_specialties VALUES (3, 2);
INSERT INTO vet_specialties VALUES (3, 3);
INSERT INTO vet_specialties VALUES (4, 2);
INSERT INTO vet_specialties VALUES (5, 1);

INSERT INTO types VALUES (1, 'gato');
INSERT INTO types VALUES (2, 'perro');
INSERT INTO types VALUES (3, 'lagarto');
INSERT INTO types VALUES (4, 'serpiente');
INSERT INTO types VALUES (5, 'pajaro');
INSERT INTO types VALUES (6, 'hamster');

INSERT INTO owners VALUES (1, 'George', 'Franklin', '110 W. Liberty St.', 'Madison', '6085551023', 'owner1');
INSERT INTO owners VALUES (2, 'Betty', 'Davis', '638 Cardinal Ave.', 'Sun Prairie', '6085551749', 'owner2');
INSERT INTO owners VALUES (3, 'Eduardo', 'Rodriquez', '2693 Commerce St.', 'McFarland', '6085558763', 'owner3');
INSERT INTO owners VALUES (4, 'Harold', 'Davis', '563 Friendly St.', 'Windsor', '6085553198', 'owner4');
INSERT INTO owners VALUES (5, 'Peter', 'McTavish', '2387 S. Fair Way', 'Madison', '6085552765', 'owner5');
INSERT INTO owners VALUES (6, 'Jean', 'Coleman', '105 N. Lake St.', 'Monona', '6085552654', 'owner6');
INSERT INTO owners VALUES (7, 'Jeff', 'Black', '1450 Oak Blvd.', 'Monona', '6085555387', 'owner7');
INSERT INTO owners VALUES (8, 'Maria', 'Escobito', '345 Maple St.', 'Madison', '6085557683', 'owner8');
INSERT INTO owners VALUES (9, 'David', 'Schroeder', '2749 Blackhawk Trail', 'Madison', '6085559435', 'owner9');
INSERT INTO owners VALUES (10, 'Carlos', 'Estaban', '2335 Independence La.', 'Waunakee', '6085555487', 'owner10');

INSERT INTO pets(id,name,birth_date,type_id,owner_id,adoption) VALUES (1, 'Leo', '2010-09-07', 1, 1,0);
INSERT INTO pets(id,name,birth_date,type_id,owner_id,adoption) VALUES (2, 'Basil', '2012-08-06', 6, 2,1);
INSERT INTO pets(id,name,birth_date,type_id,owner_id,adoption) VALUES (3, 'Rosy', '2011-04-17', 2, 3,0);
INSERT INTO pets(id,name,birth_date,type_id,owner_id,adoption) VALUES (4, 'Jewel', '2010-03-07', 2, 3,0);
INSERT INTO pets(id,name,birth_date,type_id,owner_id,adoption) VALUES (5, 'Iggy', '2010-11-30', 3, 4,0);
INSERT INTO pets(id,name,birth_date,type_id,owner_id,adoption) VALUES (6, 'George', '2010-01-20', 4, 5,0);
INSERT INTO pets(id,name,birth_date,type_id,owner_id,adoption) VALUES (7, 'Samantha', '2012-09-04', 1, 6,1);
INSERT INTO pets(id,name,birth_date,type_id,owner_id,adoption) VALUES (8, 'Max', '2012-09-04', 1, 6,0);
INSERT INTO pets(id,name,birth_date,type_id,owner_id,adoption) VALUES (9, 'Lucky', '2011-08-06', 5, 7,1);
INSERT INTO pets(id,name,birth_date,type_id,owner_id,adoption) VALUES (10, 'Mulligan', '2007-02-24', 2, 8,1);
INSERT INTO pets(id,name,birth_date,type_id,owner_id,adoption) VALUES (11, 'Freddy', '2010-03-09', 5, 9,0);
INSERT INTO pets(id,name,birth_date,type_id,owner_id,adoption) VALUES (12, 'Lucky', '2010-06-24', 2, 10,0);
INSERT INTO pets(id,name,birth_date,type_id,owner_id,adoption) VALUES (13, 'Sly', '2012-06-08', 1, 10,0);

INSERT INTO visits(id,pet_id,visit_date,description) VALUES (1, 7, '2013-01-01', 'vacuna para la rabia');
INSERT INTO visits(id,pet_id,visit_date,description) VALUES (2, 8, '2013-01-02', 'vacuna para la sabia');
INSERT INTO visits(id,pet_id,visit_date,description) VALUES (3, 8, '2013-01-03', 'castracion');
INSERT INTO visits(id,pet_id,visit_date,description) VALUES (4, 7, '2013-01-04', 'esterilizacion');

INSERT INTO  requests(id,description,owner_id,pet_id)  VALUES (1,'Cuidare la mascota',3,2);
INSERT INTO  requests(id,description,owner_id,pet_id)  VALUES (2,'Tengo 7 mascotas más, me encantan los animales ',3,10);
INSERT INTO  requests(id,description,owner_id,pet_id)  VALUES (3,'Cuidare la mascota',3,7);

INSERT INTO causes(id,name,description, organization, closed, target, donated) VALUES(1,'Limpieza de vertido de petroleo','5000 litros de crudo fueron vertidos en mitad del Mediterraneo', 'GreenPeace', FALSE, 300, 50);
INSERT INTO causes(id,name,description, organization, closed, target, donated) VALUES(2,'Rescate de ballena varada','Atrapada', 'GreenPeace', TRUE, 100, 100);
INSERT INTO causes(id,name,description, organization, closed, target, donated) VALUES(3,'Habitat para el lince iberico','Relocalizacion de 300 linces en reserva natural', 'Junta de Andalucia', FALSE, 800, 300);

INSERT INTO donations(id,donation_date,amount, cause_id, owner_id) VALUES(1,'2020-09-07', 50, 1,1);
INSERT INTO donations(id,donation_date,amount, cause_id, owner_id) VALUES(2,'2020-09-03', 100, 2,1);
INSERT INTO donations(id,donation_date,amount, cause_id, owner_id) VALUES(3,'2020-09-07', 50, 3,1);
INSERT INTO donations(id,donation_date,amount, cause_id, owner_id) VALUES(4,'2020-09-08', 100, 3,1);
INSERT INTO donations(id,donation_date,amount, cause_id, owner_id) VALUES(5,'2020-09-09', 150, 3,1);
